{"loss/critic_1":20.440855026245117,"entropy_temperature/alpha":0.20000000298023224,"_runtime":91.750683806,"_wandb":{"runtime":91},"_timestamp":1.7348627384493263e+09,"loss/critic_2":20.75562858581543,"reward/train":-43,"loss/policy":3.0183396339416504,"_step":72,"loss/entropy_loss":0}