{"_wandb":{"runtime":73},"reward/train":-26,"_timestamp":1.7347922507328763e+09,"_runtime":73.103814803,"_step":17}