{"loss/critic_1":227.12277221679688,"_wandb":{"runtime":261},"_step":72,"loss/entropy_loss":0,"_runtime":261.13108047,"loss/critic_2":237.87286376953125,"loss/policy":6.173389434814453,"_timestamp":1.7348840721262627e+09,"reward/train":-69,"entropy_temperature/alpha":0.20000000298023224}