{"_timestamp":1.7348862791687844e+09,"loss/critic_1":241.4050750732422,"loss/critic_2":252.03549194335938,"reward/train":-69,"loss/entropy_loss":0,"loss/policy":6.922560214996338,"entropy_temperature/alpha":0.20000000298023224,"_wandb":{"runtime":201},"_runtime":201.411933809,"_step":70}