{"_wandb":{"runtime":17},"reward/train":-23,"_timestamp":1.7347971247511487e+09,"_runtime":17.795519862,"_step":2}