{"_step":45,"reward/train":-33,"_timestamp":1.7350429701303124e+09,"_runtime":40.259168229,"_wandb":{"runtime":40}}