{"loss/critic_2":252.03549194335938,"_step":70,"_runtime":194.322888777,"loss/entropy_loss":0,"entropy_temperature/alpha":0.20000000298023224,"reward/train":-69,"loss/critic_1":241.4050750732422,"_timestamp":1.7348859322191913e+09,"loss/policy":6.922560214996338,"_wandb":{"runtime":194}}