{"_wandb":{"runtime":77},"_runtime":77.842362111,"_step":16,"reward/train":-43,"_timestamp":1.7348606714567428e+09}