{"_wandb":{"runtime":56},"q1/loss":438.6797180175781,"q2/loss":438.6797180175781,"_timestamp":1.734940230367612e+09,"episode_reward":-195,"_runtime":56.0711852,"_step":88}