{"Episode Reward": -33.20007132695791, "Episode": 5, "_timestamp": 1742501162, "_runtime": 31, "_step": 62, "Q Loss": 49.839622497558594, "Goal Encoder Loss": 0.00015952193643897772, "Policy Loss": 1.3177355527877808, "Total Steps": 78}