{"reward/train":-118.8648963689779,"_timestamp":1.7350241592249956e+09,"_runtime":57.579053218,"_step":1,"_wandb":{"runtime":57}}