{"_runtime":138.88834222,"_step":3,"reward/train":-87.18266083870053,"_timestamp":1.735024363965476e+09,"_wandb":{"runtime":138},"avg_reward/test":-129.35277700561787}