{"reward/train":-91.35575384980889,"_timestamp":1.7350220120708055e+09,"_runtime":20.737821866,"_step":1,"_wandb":{"runtime":20}}