{"_wandb":{"runtime":14},"_timestamp":1.735043223031934e+09,"_runtime":14.112603851,"_step":14,"reward/train":-19}