{"_timestamp":1.7350429129762778e+09,"_runtime":39.896452359,"_step":45,"_wandb":{"runtime":39},"reward/train":-33}