{"_step":2365,"q1/loss":49.94767761230469,"q2/loss":49.94767761230469,"_wandb":{"runtime":311},"_timestamp":1.7350586742652414e+09,"episode_reward":-28,"_runtime":311.270213381}