{"_runtime":247.879784644,"loss/entropy_loss":0,"loss/critic_1":0.5404285192489624,"reward/train":-53,"_step":491,"entropy_temperature/alpha":0.20000000298023224,"loss/policy":3.4118499755859375,"_wandb":{"runtime":247},"_timestamp":1.7348621842374203e+09,"loss/critic_2":0.4990777373313904}