{"_runtime":6.590351545,"_step":1,"reward/train":-101,"_wandb":{"runtime":6},"_timestamp":1.7348822109786541e+09}