{"reward/train":-69,"loss/critic_1":227.12277221679688,"_step":72,"loss/policy":6.173389434814453,"loss/entropy_loss":0,"entropy_temperature/alpha":0.20000000298023224,"_runtime":179.574222188,"loss/critic_2":237.87286376953125,"_wandb":{"runtime":179},"_timestamp":1.7348849295124927e+09}