{"_timestamp":1.735043256388992e+09,"_runtime":68.625593304,"_step":45,"reward/train":-33,"_wandb":{"runtime":68}}