{"_runtime":108.86748171,"_step":157,"avg_reward/test":-28,"_wandb":{"runtime":108},"reward/train":-28,"_timestamp":1.7348619211163566e+09}