{"_wandb":{"runtime":25},"reward/train":-71,"_timestamp":1.7348823996220574e+09,"_runtime":25.613412537,"_step":34}