{"reward/train":-91.35575384980889,"_timestamp":1.7350240574518504e+09,"_runtime":38.611457539,"_step":1,"_wandb":{"runtime":38}}