{"q2/loss":690.6363525390625,"_timestamp":1.7349426835257106e+09,"episode_reward":-80,"_runtime":899.698133118,"_step":2769,"_wandb":{"runtime":899},"q1/loss":690.6363525390625}