{"_step":4,"reward/train":20,"_timestamp":1.7348096907665122e+09,"_runtime":30.172015443,"_wandb":{"runtime":30}}