{"_timestamp":1.7348822406724622e+09,"_runtime":6.749232893,"_wandb":{"runtime":6},"_step":1,"reward/train":-101}