{"_timestamp":1.734862438147132e+09,"_runtime":76.451467192,"_step":17,"_wandb":{"runtime":76},"reward/train":-56}