{"_timestamp":1.734882343438216e+09,"_runtime":27.364250577,"_step":16,"_wandb":{"runtime":27},"reward/train":-71}