{"_step":16,"reward/train":-69,"_timestamp":1.7348777805209756e+09,"_runtime":76.203291663,"_wandb":{"runtime":76}}