{"_wandb":{"runtime":166},"entropy_temperature/alpha":0.20000000298023224,"loss/critic_2":252.03549194335938,"_runtime":166.129157817,"loss/entropy_loss":0,"loss/critic_1":241.4050750732422,"_step":70,"reward/train":-69,"_timestamp":1.7348843455789328e+09,"loss/policy":6.922560214996338}