{"_timestamp":1.7350440034495466e+09,"_runtime":24.860622363,"_step":45,"_wandb":{"runtime":24},"reward/train":-33}