{"reward/train":13,"_timestamp":1.7348822827171276e+09,"_runtime":6.142903079,"_wandb":{"runtime":6},"_step":1}