{"reward/train":-69,"loss/critic_2":252.03549194335938,"_runtime":189.289421909,"_timestamp":1.734883179621147e+09,"_step":70,"entropy_temperature/alpha":0.20000000298023224,"loss/critic_1":241.4050750732422,"loss/entropy_loss":0,"loss/policy":6.922560214996338,"_wandb":{"runtime":189}}