{"reward/train":-125,"_timestamp":1.7349427571116743e+09,"_runtime":65.728062552,"_step":11,"_wandb":{"runtime":65}}